Period,Amount #1,Amount #2,Amount #3
1,1559,NULL,NULL
2,2271,NULL,NULL
3,3620,NULL,NULL
4,581,465.397809399292,NULL
5,2130,341.7573106708,NULL
6,4061,242.03216668684,NULL
7,2420,181.383021757938,463.397809399292
8,3292,89.9701426969841,464.397809399292
9,1225,379.46619396098,465.397809399292
10,638,135.484375525266,341.7573106708
11,4156,344.458126230165,242.03216668684
12,2648,449.655296863057,181.383021757938
