Period,Amount #1,Amount #2
1,1559,NULL
2,2271,NULL
3,3620,NULL
4,581,465.397809399292
5,2130,341.7573106708
6,4061,242.03216668684
7,2420,181.383021757938
8,3292,89.9701426969841
9,1225,379.46619396098
10,638,135.484375525266
11,4156,344.458126230165
12,2648,449.655296863057
